region	msa_pos	BSVV1_resnum	BSVV1_resname	whIV2_resnum	whIV2_resname	LDDT
1	1994	1634	SER	1971	LYS	0.7010
1	1995	1635	LYS	1972	ILE	0.6632
1	1996	1636	LEU	1973	MET	0.7097
1	1997	1637	PHE	1974	LEU	0.6982
1	1998	1638	SER	1975	THR	0.6881
1	1999	1639	HIS	1976	ASN	0.6966
1	2001	1641	GLU	1977	TRP	0.6135
1	2002	1642	PHE	1978	TRP	0.7763
1	2003	1643	LEU	1979	GLY	0.7105
1	2004	1644	ILE	1980	MET	0.6769
1	2005	1645	PRO	1981	GLY	0.7179
1	2006	1646	ILE	1982	LEU	0.7550
1	2007	1647	VAL	1983	CYS	0.7692
1	2008	1648	VAL	1984	LEU	0.7960
1	2009	1649	LEU	1985	VAL	0.8339
1	2010	1650	SER	1986	ALA	0.8788
1	2011	1651	LEU	1987	ILE	0.8505
1	2012	1652	VAL	1988	PHE	0.8809
1	2013	1653	LEU	1989	PHE	0.9099
1	2014	1654	ILE	1990	SER	0.8449
1	2015	1655	ILE	1991	ILE	0.8743
1	2016	1656	VAL	1992	ILE	0.8759
1	2017	1657	VAL	1993	LEU	0.8577
1	2018	1658	LEU	1994	ILE	0.8548
1	2019	1659	LEU	1995	LEU	0.8659
2	1649	1291	TRP	1627	TRP	0.2993
2	1650	1292	LEU	1628	LEU	0.2376
2	1651	1293	THR	1629	THR	0.2251
2	1652	1294	ALA	1630	ALA	0.3180
2	1653	1295	GLY	1631	GLY	0.3430
2	1654	1296	CYS	1632	CYS	0.2993
2	1655	1297	PHE	1633	TYR	0.4694
2	1656	1298	THR	1634	SER	0.4721
2	1657	1299	VAL	1635	VAL	0.5893
2	1658	1300	ASN	1636	ASN	0.6061
2	1659	1301	ASP	1637	ASP	0.5671
2	1660	1302	GLY	1638	GLY	0.6094
2	1661	1303	MET	1639	THR	0.6174
2	1662	1304	ALA	1640	ALA	0.6385
2	1663	1305	VAL	1641	VAL	0.6453
2	1664	1306	GLY	1642	GLY	0.7178
2	1665	1307	TYR	1643	TYR	0.7185
2	1666	1308	ALA	1644	GLU	0.8032
2	1667	1309	ALA	1645	TYR	0.8439
2	1668	1310	TYR	1646	TYR	0.8702
2	1669	1311	GLY	1647	MET	0.8731
2	1670	1312	PRO	1648	PRO	0.8766
2	1671	1313	ILE	1649	ASP	0.8668
2	1672	1314	VAL	1650	ILE	0.8256
2	1673	1315	ASP	1651	LYS	0.8257
3	1179	857	PHE	1162	PHE	0.5329
3	1180	858	ILE	1163	TYR	0.5251
3	1181	859	GLN	1164	LEU	0.4724
3	1182	860	PHE	1165	ASN	0.4943
3	1183	861	HIS	1166	HIS	0.5346
3	1184	862	PRO	1167	PRO	0.4773
3	1185	863	LYS	1168	LYS	0.3946
3	1186	864	LEU	1169	ILE	0.4031
3	1187	865	GLY	1170	GLY	0.2846
3	1188	866	SER	1171	SER	0.3943
3	1189	867	GLY	1172	GLY	0.2788
3	1190	868	GLN	1173	GLN	0.2922
3	1191	869	TYR	1174	TYR	0.3484
3	1192	870	LEU	1175	LEU	0.3234
3	1193	871	SER	1176	SER	0.2083
3	1194	872	ARG	1177	LYS	0.3216
3	1195	873	VAL	1178	VAL	0.3784
3	1196	874	ALA	1179	SER	0.3142
3	1197	875	ALA	1180	THR	0.4864
3	1198	876	THR	1181	THR	0.4128
3	1199	877	ALA	1182	ALA	0.4919
3	1200	878	SER	1183	ASN	0.7235
3	1201	879	ILE	1184	ILE	0.6966
3	1202	880	GLY	1185	GLY	0.7639
3	1203	881	SER	1186	SER	0.8210
4	1317	984	GLY	1296	LEU	0.5784
4	1318	985	TYR	1297	VAL	0.5868
4	1319	986	ALA	1298	GLN	0.5863
4	1320	987	THR	1299	TYR	0.6290
4	1321	988	HIS	1300	GLN	0.6477
4	1322	989	LEU	1301	VAL	0.6727
4	1323	990	TYR	1302	GLN	0.6969
4	1324	991	ARG	1303	LYS	0.6954
4	1325	992	GLY	1304	GLY	0.6430
4	1326	993	ALA	1305	SER	0.6722
4	1327	994	SER	1306	GLU	0.5862
4	1328	995	LEU	1307	HIS	0.6045
4	1329	996	HIS	1308	THR	0.6108
4	1330	997	PRO	1309	LYS	0.5305
4	1331	998	HIS	1310	ASN	0.5633
4	1332	999	ARG	1311	LYS	0.6112
4	1333	1000	VAL	1312	ILE	0.6080
4	1334	1001	LEU	1313	HIS	0.5952
4	1335	1002	ALA	1314	TYR	0.5190
4	1336	1003	VAL	1315	VAL	0.4923
5	983	665	SER	975	THR	0.7251
5	984	666	LEU	976	PHE	0.6637
5	985	667	MET	977	VAL	0.6248
5	986	668	MET	978	ARG	0.7388
5	987	669	ASN	979	GLY	0.6076
5	988	670	LEU	980	TRP	0.6234
5	989	671	ASN	981	ASP	0.6989
5	990	672	LEU	982	LEU	0.6320
5	991	673	ASP	983	GLU	0.4449
5	992	674	PHE	984	ILE	0.4046
5	993	675	ASP	985	ASP	0.5377
5	994	676	TRP	986	ASN	0.4702
5	995	677	TYR	987	PHE	0.3576
5	996	678	ARG	988	ASN	0.4206
5	997	679	SER	989	ARG	0.5395
5	998	680	CYS	990	TRP	0.4125
5	999	681	VAL	991	GLU	0.3688
5	1000	682	VAL	992	THR	0.4141
5	1001	683	SER	993	ARG	0.4851
5	1002	684	GLY	994	GLU	0.4138
6	1360	1027	LEU	1338	ILE	0.7826
6	1361	1028	ALA	1339	MET	0.7075
6	1362	1029	LEU	1340	MET	0.7532
6	1363	1030	VAL	1341	ALA	0.7918
6	1364	1031	LEU	1342	LEU	0.7646
6	1365	1032	LEU	1343	HIS	0.6743
6	1366	1033	LEU	1344	LEU	0.7451
6	1367	1034	LEU	1345	LEU	0.7939
6	1368	1035	LEU	1346	PHE	0.7179
6	1369	1036	ILE	1347	CYS	0.7130
6	1370	1037	ALA	1348	VAL	0.7253
6	1371	1038	LEU	1349	LEU	0.7737
6	1372	1039	SER	1350	CYS	0.6686
6	1373	1040	ALA	1351	TYR	0.6603
6	1374	1041	PHE	1352	ILE	0.6855
7	210	185	LEU	211	ALA	0.8697
7	211	186	ILE	212	PHE	0.7903
7	212	187	LEU	213	GLY	0.6835
7	213	188	PHE	214	LEU	0.8122
7	214	189	ALA	215	ALA	0.8370
7	215	190	ALA	216	ILE	0.7669
7	216	191	ILE	217	TYR	0.8101
7	217	192	PHE	218	LEU	0.8339
7	218	193	ALA	219	LEU	0.7689
7	219	194	PHE	220	PHE	0.7927
7	220	195	LYS	221	ARG	0.8748
7	221	196	PHE	222	LEU	0.8082
7	222	197	LEU	223	THR	0.7339
7	223	198	PHE	224	GLY	0.8284
7	224	199	PHE	225	LEU	0.8438
8	1345	1012	PRO	1323	THR	0.8097
8	1346	1013	ALA	1324	ALA	0.8750
8	1347	1014	MET	1325	ILE	0.8489
8	1348	1015	THR	1326	VAL	0.7808
8	1349	1016	ILE	1327	SER	0.8322
8	1350	1017	PHE	1328	ILE	0.8359
8	1351	1018	LEU	1329	MET	0.7692
8	1352	1019	GLY	1330	LEU	0.7599
8	1353	1020	VAL	1331	ILE	0.8156
8	1354	1021	LEU	1332	LEU	0.7497
8	1355	1022	LEU	1333	SER	0.7635
8	1356	1023	SER	1334	GLY	0.7815
8	1357	1024	LEU	1335	ILE	0.7406
8	1358	1025	GLY	1336	GLY	0.7026
8	1359	1026	TYR	1337	TYR	0.7660
9	1478	1129	ARG	1456	LYS	0.7224
9	1479	1130	ALA	1457	LEU	0.6637
9	1480	1131	THR	1458	VAL	0.6869
9	1481	1132	ALA	1459	ASN	0.6579
9	1482	1133	PHE	1460	ILE	0.7386
9	1483	1134	SER	1461	SER	0.6343
9	1484	1135	ILE	1462	VAL	0.6282
9	1485	1136	LEU	1463	ILE	0.7164
9	1486	1137	LEU	1464	VAL	0.7131
9	1487	1138	LEU	1465	LEU	0.6069
9	1488	1139	SER	1466	LEU	0.6505
9	1489	1140	SER	1467	SER	0.7389
9	1490	1141	VAL	1468	LEU	0.6717
9	1491	1142	LYS	1469	LEU	0.6039
9	1492	1143	ASP	1470	ILE	0.6040
10	891	575	ILE	892	VAL	0.5838
10	892	576	PRO	893	PRO	0.5895
10	893	577	GLN	894	SER	0.6250
10	894	578	TRP	895	TRP	0.5010
10	895	579	ARG	896	ARG	0.5734
10	896	580	ASN	897	LEU	0.5526
10	897	581	THR	898	LYS	0.5129
10	898	582	LEU	899	ASP	0.4848
10	899	583	LEU	900	ALA	0.6057
10	901	585	THR	901	LYS	0.4288
10	902	586	SER	902	ILE	0.5593
10	903	587	HIS	903	ASP	0.6375
10	904	588	ILE	904	TYR	0.5835
10	905	589	GLN	905	SER	0.5460
10	906	590	ILE	906	LEU	0.4402
11	164	140	LEU	165	VAL	0.6510
11	165	141	ARG	166	ARG	0.7194
11	166	142	LYS	167	ILE	0.6789
11	167	143	GLN	168	ILE	0.7634
11	168	144	GLU	169	ASP	0.7565
11	169	145	ASP	170	GLY	0.8750
11	170	146	TYR	171	TRP	0.7440
11	171	147	PHE	172	PHE	0.8176
11	172	148	ILE	173	ASN	0.7198
11	173	149	LYS	174	PRO	0.7721
11	174	150	SER	175	GLY	0.7476
11	175	151	ALA	176	PRO	0.7447
11	176	152	PRO	177	SER	0.5660
11	177	153	VAL	178	VAL	0.5687
11	179	154	SER	180	GLU	0.6728
12	954	638	ASN	946	ASN	0.4296
12	955	639	ILE	947	ILE	0.4364
12	956	640	GLN	948	GLN	0.4820
12	957	641	PRO	949	GLN	0.3690
12	958	642	HIS	950	THR	0.4689
12	959	643	GLY	951	GLY	0.4764
12	960	644	SER	952	ASN	0.6515
12	961	645	TYR	953	LEU	0.6858
12	962	646	LYS	954	LYS	0.7264
12	963	647	TYR	955	TYR	0.7024
12	964	648	PHE	956	PHE	0.7658
12	965	649	VAL	957	ILE	0.7850
12	966	650	TYR	958	TYR	0.8403
12	967	651	SER	959	SER	0.8429
12	968	652	ALA	960	PHE	0.9076
13	1243	921	VAL	1222	HIS	0.6735
13	1244	922	ARG	1223	ARG	0.6744
13	1245	923	PRO	1224	PRO	0.7249
13	1246	924	GLU	1225	LEU	0.7506
13	1247	925	ILE	1226	SER	0.7493
13	1248	926	GLN	1227	SER	0.7173
13	1249	927	SER	1228	MET	0.7421
13	1250	928	GLY	1229	PRO	0.8586
13	1251	929	GLU	1230	ASN	0.8176
13	1252	930	CYS	1231	CYS	0.8130
13	1253	931	ASN	1232	THR	0.7626
13	1254	932	LEU	1233	VAL	0.7233
13	1255	933	ASN	1234	LYS	0.7375
13	1256	934	ASN	1235	LYS	0.6103
13	1264	935	HIS	1243	ARG	0.6951
14	1045	727	GLU	1029	PRO	0.5491
14	1046	728	CYS	1030	GLY	0.5017
14	1047	729	THR	1031	GLY	0.4666
14	1048	730	LYS	1032	MET	0.4991
14	1049	731	TYR	1033	ASN	0.4072
14	1050	732	HIS	1034	ASP	0.5522
14	1051	733	ALA	1035	MET	0.4796
14	1052	734	PRO	1036	LEU	0.5090
14	1053	735	MET	1037	GLN	0.3675
14	1054	736	ASP	1038	ASP	0.4711
14	1055	737	GLN	1039	ARG	0.5441
14	1056	738	PHE	1040	SER	0.6189
14	1057	739	GLY	1041	ARG	0.6623
14	1058	740	THR	1042	LEU	0.7026
14	1059	741	SER	1043	ASN	0.7123
15	610	425	CYS	611	CYS	0.6951
15	611	426	TYR	612	VAL	0.6173
15	612	427	GLU	613	LYS	0.6364
15	613	428	ASP	614	ILE	0.6811
15	614	429	ALA	615	CYS	0.7146
15	615	430	ASP	616	LYS	0.4855
15	616	431	GLY	617	LYS	0.2280
15	622	432	TYR	623	ASN	0.5739
15	623	433	VAL	624	ILE	0.5948
15	624	434	ARG	625	LYS	0.7289
15	625	435	TYR	626	TYR	0.6984
15	626	436	ASN	627	LYS	0.7059
15	627	437	PRO	628	PRO	0.6901
15	628	438	ARG	629	ASN	0.6467
15	629	439	ILE	630	LEU	0.6611
16	1026	708	PRO	1011	ASN	0.5030
16	1027	709	ASP	1012	ASN	0.4172
16	1028	710	ASP	1013	ILE	0.3636
16	1029	711	CYS	1014	ARG	0.4845
16	1030	712	ASN	1015	LYS	0.4322
16	1031	713	LEU	1016	VAL	0.4161
16	1032	714	TRP	1017	PRO	0.7150
16	1033	715	THR	1018	GLU	0.7727
16	1034	716	GLU	1019	SER	0.8033
16	1035	717	ALA	1020	CYS	0.8690
16	1036	718	LEU	1021	LEU	0.8802
16	1037	719	GLU	1022	SER	0.8870
16	1038	720	VAL	1023	ILE	0.8281
16	1039	721	HIS	1024	GLU	0.7958
16	1041	723	GLU	1025	SER	0.4202
17	1691	1333	VAL	1669	THR	0.9393
17	1692	1334	CYS	1670	CYS	0.9276
17	1693	1335	SER	1671	ASN	0.9260
17	1694	1336	GLY	1672	ASP	0.7969
17	1695	1337	GLY	1673	ASP	0.9310
17	1696	1338	SER	1674	THR	0.9411
17	1697	1339	CYS	1675	CYS	0.9474
17	1698	1340	GLN	1676	LYS	0.9307
17	1699	1341	LYS	1677	GLU	0.9300
17	1700	1342	VAL	1678	ILE	0.9075
17	1701	1343	GLY	1679	LYS	0.8278
17	1702	1344	ASP	1680	GLY	0.6819
17	1703	1345	ASP	1681	GLN	0.6753
17	1704	1346	TRP	1682	GLU	0.7377
17	1705	1347	ASN	1683	GLU	0.5811
18	1519	1168	GLU	1497	GLN	0.9068
18	1520	1169	LEU	1498	LYS	0.9102
18	1521	1170	PHE	1499	LEU	0.9268
18	1522	1171	ASP	1500	LYS	0.9761
18	1523	1172	CYS	1501	CYS	0.9441
18	1524	1173	SER	1502	ASP	0.9248
18	1525	1174	PHE	1503	ASN	0.9076
18	1526	1175	SER	1504	ASN	0.9721
18	1527	1176	ALA	1505	LYS	0.9493
18	1528	1177	CYS	1506	CYS	0.9721
18	1529	1178	THR	1507	SER	0.9613
18	1530	1179	ALA	1508	ILE	0.9257
18	1531	1180	ARG	1509	MET	0.9483
18	1532	1181	GLY	1510	ILE	0.9345
18	1533	1182	SER	1511	SER	0.9366
19	131	106	THR	132	LEU	0.5591
19	132	107	SER	133	PRO	0.5371
19	133	108	GLY	134	PHE	0.5234
19	134	109	VAL	135	SER	0.5670
19	135	110	GLU	136	GLU	0.6407
19	136	111	THR	137	ALA	0.5982
19	137	112	CYS	138	TYR	0.5419
19	138	113	CYS	139	GLU	0.5992
19	139	114	LYS	140	LEU	0.5691
19	140	115	SER	141	CYS	0.4895
19	141	116	LEU	142	CYS	0.4228
19	142	117	ARG	143	LYS	0.4673
19	143	118	SER	144	PRO	0.4825
19	144	119	LEU	145	PHE	0.4313
19	145	120	HIS	146	LYS	0.4678
20	466	338	LEU	467	VAL	0.5730
20	467	339	ARG	468	LYS	0.6187
20	468	340	ALA	469	ALA	0.7586
20	469	341	ALA	470	LEU	0.6265
20	470	342	VAL	471	ASP	0.6689
20	471	343	TRP	472	LYS	0.6327
20	472	344	CYS	473	MET	0.5821
20	473	345	THR	474	LYS	0.6051
20	474	346	ARG	475	THR	0.6509
20	475	347	PRO	476	THR	0.6617
20	476	348	ASN	477	SER	0.6292
20	477	349	ALA	478	GLU	0.4365
20	478	350	SER	479	ILE	0.4899
20	479	351	THR	480	LYS	0.4628
20	480	352	HIS	481	ASN	0.4838
21	1582	1231	SER	1560	LYS	0.8181
21	1583	1232	VAL	1561	ARG	0.8144
21	1584	1233	MET	1562	GLY	0.7342
21	1585	1234	GLU	1563	ASP	0.7047
21	1586	1235	SER	1564	LYS	0.7241
21	1587	1236	ARG	1565	ARG	0.6996
21	1588	1237	THR	1566	LEU	0.7019
21	1589	1238	ALA	1567	VAL	0.6853
21	1590	1239	TYR	1568	TYR	0.6723
21	1591	1240	ASN	1569	CYS	0.5429
21	1592	1241	CYS	1570	CYS	0.5991
21	1593	1242	LEU	1571	THR	0.4589
21	1594	1243	GLY	1572	GLY	0.4300
21	1595	1244	LYS	1573	LYS	0.4106
21	1596	1245	ARG	1574	SER	0.5355
22	354	263	LEU	355	LEU	0.8452
22	355	264	ALA	356	VAL	0.7930
22	356	265	GLN	357	PHE	0.8293
22	357	266	ASP	358	LEU	0.8712
22	358	267	LEU	359	THR	0.8333
22	359	268	ASN	360	ALA	0.6829
22	360	269	SER	361	THR	0.7285
22	361	270	ARG	362	THR	0.7448
22	362	271	ASP	363	ALA	0.6019
22	363	272	GLN	364	ILE	0.4749
22	370	273	ILE	371	LYS	0.2112
22	371	274	PRO	372	TYR	0.2724
22	372	275	TYR	373	ILE	0.3256
22	373	276	PHE	374	ILE	0.3827
22	374	277	ASN	375	ASP	0.4573
23	1707	1348	VAL	1685	ILE	0.8120
23	1708	1349	GLN	1686	GLU	0.7168
23	1709	1350	HIS	1687	LYS	0.6081
23	1710	1351	GLY	1688	GLY	0.7296
23	1711	1352	ILE	1689	SER	0.6587
23	1712	1353	SER	1690	ILE	0.5797
23	1713	1354	PHE	1691	LYS	0.5400
23	1714	1355	ALA	1692	PHE	0.5914
23	1715	1356	GLY	1693	GLU	0.5518
23	1716	1357	PRO	1694	HIS	0.5291
23	1717	1358	ALA	1695	ILE	0.6047
23	1718	1359	LYS	1696	LYS	0.4092
23	1719	1360	PRO	1697	ASN	0.6209
23	1720	1361	ILE	1698	ASN	0.6795
23	1721	1362	LEU	1699	LEU	0.7357
24	1004	686	GLY	996	ASP	0.4004
24	1005	687	LEU	997	ASN	0.5564
24	1006	688	LYS	998	LYS	0.6097
24	1007	689	ARG	999	TYR	0.5808
24	1008	690	PRO	1000	LYS	0.5965
24	1009	691	THR	1001	LEU	0.3343
24	1010	692	PHE	1002	TYR	0.2947
24	1018	700	MET	1003	LYS	0.3483
24	1019	701	CYS	1004	THR	0.3905
24	1020	702	ILE	1005	GLY	0.3991
24	1021	703	HIS	1006	PRO	0.3415
24	1022	704	PRO	1007	MET	0.2958
24	1023	705	THR	1008	ALA	0.3878
24	1024	706	THR	1009	LYS	0.3937
24	1025	707	PHE	1010	ALA	0.3961
25	770	494	GLY	771	GLU	0.5116
25	771	495	ARG	772	THR	0.5194
25	772	496	ASP	773	PHE	0.4697
25	773	497	ASN	774	LYS	0.5134
25	774	498	PHE	775	ASN	0.3366
25	775	499	TRP	776	ASN	0.4106
25	776	500	GLY	777	ASP	0.3561
25	777	501	GLY	778	ASP	0.4421
25	778	502	ALA	779	ALA	0.4036
25	779	503	VAL	780	ILE	0.2710
25	780	504	THR	781	LYS	0.3546
25	781	505	ILE	782	VAL	0.4023
25	782	506	GLY	783	SER	0.4363
25	783	507	GLU	784	ALA	0.4684
25	784	508	ASP	785	ASN	0.5334
26	815	530	HIS	816	ASN	0.3102
26	816	531	VAL	817	ASN	0.3962
26	817	532	PHE	818	PHE	0.3759
26	818	533	VAL	819	PHE	0.3258
26	819	534	HIS	820	THR	0.3446
26	820	535	SER	821	GLN	0.3395
26	821	536	GLN	822	PHE	0.3789
26	822	537	GLY	823	ASP	0.2855
26	823	538	ARG	824	ASP	0.3068
26	824	539	ARG	825	ILE	0.3322
26	825	540	GLN	826	PHE	0.4728
26	826	541	VAL	827	SER	0.5702
26	827	542	ILE	828	GLY	0.3932
26	828	543	SER	829	ALA	0.3883
26	829	544	CYS	830	VAL	0.3547
27	481	353	ASP	482	ILE	0.4265
27	482	354	THR	483	THR	0.3934
27	483	355	VAL	484	LEU	0.4448
27	484	356	ASN	485	SER	0.4238
27	485	357	VAL	486	VAL	0.4876
27	486	358	LEU	487	CYS	0.4660
27	487	359	THR	488	ASN	0.4798
27	488	360	HIS	489	ASP	0.5277
27	489	361	TYR	490	LYS	0.6424
27	490	362	ASP	491	PRO	0.7236
27	491	363	VAL	492	ASP	0.7488
27	492	364	SER	493	ASP	0.7913
27	493	365	GLU	494	ILE	0.7629
27	494	366	ASP	495	LYS	0.8293
27	495	367	LEU	496	ASP	0.7038
28	907	591	SER	907	PRO	0.4094
28	908	592	SER	908	GLU	0.6097
28	909	593	VAL	909	LYS	0.4231
28	910	594	ALA	910	TYR	0.3577
28	911	595	ALA	911	GLU	0.4115
28	912	596	GLY	912	SER	0.7053
28	913	597	HIS	913	ARG	0.7416
28	914	598	ARG	914	GLU	0.8007
28	915	599	TYR	915	LEU	0.7271
28	916	600	LEU	916	SER	0.8337
28	917	601	GLY	917	GLY	0.8179
28	918	602	LYS	918	LYS	0.8633
28	919	603	LYS	919	SER	0.8859
28	920	604	TRP	920	GLY	0.9192
28	921	605	THR	921	ASN	0.8782
29	195	170	SER	196	ASN	0.6766
29	196	171	LEU	197	ASN	0.7487
29	197	172	GLY	198	SER	0.5754
29	198	173	ASP	199	LEU	0.6346
29	199	174	TYR	200	TYR	0.8652
29	200	175	LEU	201	ASN	0.7557
29	201	176	ASP	202	SER	0.6494
29	202	177	ALA	203	CYS	0.8100
29	203	178	TYR	204	VAL	0.8540
29	204	179	ASN	205	SER	0.6876
29	205	180	VAL	206	PHE	0.7126
29	206	181	GLY	207	LEU	0.8972
29	207	182	THR	208	SER	0.8385
29	208	183	PHE	209	TYR	0.6874
29	209	184	THR	210	LEU	0.7738
30	1133	811	ILE	1117	ILE	0.7099
30	1134	812	ARG	1118	SER	0.6570
30	1135	813	VAL	1119	VAL	0.6273
30	1136	814	HIS	1120	LYS	0.5528
30	1137	815	GLY	1121	GLY	0.6127
30	1138	816	ILE	1122	ILE	0.7225
30	1139	817	CYS	1123	CYS	0.7699
30	1140	818	TYR	1124	TYR	0.7434
30	1141	819	ILE	1125	ILE	0.7372
30	1142	820	SER	1126	HIS	0.7145
30	1143	821	ASP	1127	ASP	0.6099
30	1144	822	TRP	1128	GLU	0.4515
30	1145	823	ASN	1129	THR	0.4661
30	1146	824	TYR	1130	HIS	0.4577
30	1147	825	ASN	1131	SER	0.3924
31	1927	1567	THR	1905	THR	0.7286
31	1928	1568	CYS	1906	CYS	0.8812
31	1929	1569	VAL	1907	VAL	0.8638
31	1930	1570	LEU	1908	PHE	0.8345
31	1931	1571	ASN	1909	ASP	0.8952
31	1932	1572	TYR	1910	THR	0.9389
31	1933	1573	PRO	1911	ALA	0.7692
31	1934	1574	SER	1912	LYS	0.8667
31	1935	1575	THR	1913	GLU	0.9240
31	1936	1576	THR	1914	LYS	0.9316
31	1937	1577	THR	1915	THR	0.9128
31	1938	1578	CYS	1916	CYS	0.8778
31	1939	1579	ASN	1917	ASN	0.8702
31	1940	1580	VAL	1918	VAL	0.8628
31	1941	1581	THR	1919	THR	0.8251
32	645	455	ILE	646	GLN	0.7451
32	646	456	LEU	647	GLU	0.8342
32	647	457	ILE	648	ASN	0.7545
32	648	458	THR	649	MET	0.7573
32	649	459	ALA	650	ASN	0.7862
32	650	460	LYS	651	MET	0.7573
32	651	461	GLY	652	PRO	0.7416
32	652	462	LYS	653	ILE	0.7619
32	653	463	THR	654	ARG	0.7675
32	654	464	THR	655	TYR	0.8399
32	655	465	ARG	656	GLU	0.8427
32	656	466	GLN	657	GLU	0.9153
32	657	467	ASP	658	ILE	0.9132
32	658	468	ARG	659	ARG	0.6126
32	659	469	PHE	660	VAL	0.6824
33	630	440	ALA	631	ASN	0.6819
33	631	441	ARG	632	LYS	0.7578
33	632	442	ILE	633	ASN	0.7463
33	633	443	ARG	634	ILE	0.7532
33	634	444	PRO	635	SER	0.6074
33	635	445	GLY	636	THR	0.6704
33	636	446	VAL	637	PHE	0.8406
33	637	447	ASN	638	MET	0.7613
33	638	448	GLU	639	LEU	0.7500
33	639	449	LEU	640	SER	0.7114
33	640	450	ASP	641	ASP	0.6169
33	641	451	ARG	642	GLY	0.7285
33	642	452	ASP	643	PHE	0.7730
33	643	453	ASP	644	MET	0.6463
33	644	454	ILE	645	THR	0.7402
34	1905	1546	PHE	1883	LEU	0.8910
34	1906	1547	SER	1884	SER	0.8962
34	1907	1548	VAL	1885	PHE	0.8702
34	1908	1549	GLU	1886	ASN	0.8673
34	1910	1550	ALA	1888	ASP	0.5600
34	1911	1551	VAL	1889	LYS	0.7807
34	1912	1552	GLY	1890	ASN	0.7159
34	1913	1553	GLU	1891	ASP	0.8323
34	1914	1554	GLY	1892	GLY	0.9221
34	1915	1555	LEU	1893	LEU	0.9194
34	1916	1556	MET	1894	MET	0.9266
34	1917	1557	ALA	1895	GLU	0.9254
34	1918	1558	ILE	1896	PHE	0.9180
34	1919	1559	ASP	1897	VAL	0.9042
34	1920	1560	CYS	1898	CYS	0.8572
35	1979	1619	GLY	1956	GLY	0.3856
35	1980	1620	ASP	1957	TRP	0.4510
35	1981	1621	THR	1958	THR	0.4330
35	1982	1622	ASN	1959	GLY	0.3962
35	1983	1623	SER	1960	SER	0.3458
35	1984	1624	ASP	1961	GLU	0.3700
35	1985	1625	GLN	1962	ALA	0.3304
35	1986	1626	PHE	1963	LEU	0.3449
35	1987	1627	ASN	1964	MET	0.4632
35	1988	1628	THR	1965	THR	0.3162
35	1989	1629	TRP	1966	TRP	0.5581
35	1990	1630	PRO	1967	PRO	0.5101
35	1991	1631	SER	1968	SER	0.5886
35	1992	1632	ILE	1969	GLY	0.6205
35	1993	1633	TYR	1970	ILE	0.6360
36	1737	1378	VAL	1715	ILE	0.8507
36	1738	1379	PRO	1716	PRO	0.8780
36	1739	1380	TYR	1717	ASP	0.8209
36	1740	1381	GLU	1718	HIS	0.8392
36	1741	1382	TYR	1719	ILE	0.8945
36	1742	1383	PHE	1720	PHE	0.9141
36	1743	1384	TYR	1721	TYR	0.9229
36	1744	1385	ASP	1722	ASN	0.9464
36	1745	1386	MET	1723	LEU	0.9310
36	1746	1387	PRO	1724	PRO	0.9260
36	1747	1388	THR	1725	ASP	0.9059
36	1748	1389	MET	1726	THR	0.8683
36	1749	1390	PHE	1727	ALA	0.8381
36	1750	1391	ASP	1728	THR	0.8863
36	1751	1392	ALA	1729	ASN	0.5144
37	1628	1270	PRO	1606	PRO	0.8146
37	1629	1271	LEU	1607	LEU	0.8875
37	1630	1272	ARG	1608	LYS	0.8738
37	1631	1273	THR	1609	SER	0.8359
37	1632	1274	TYR	1610	LEU	0.8209
37	1633	1275	PHE	1611	ASP	0.8914
37	1634	1276	CYS	1612	CYS	0.8848
37	1635	1277	PRO	1613	PRO	0.8608
37	1636	1278	LYS	1614	LYS	0.8055
37	1637	1279	SER	1615	ALA	0.7200
37	1638	1280	SER	1616	ILE	0.4322
37	1639	1281	ASP	1617	ALA	0.4301
37	1640	1282	CYS	1618	CYS	0.4433
37	1641	1283	MET	1619	ARG	0.4194
37	1642	1284	GLN	1620	SER	0.4306
38	1072	754	LEU	1056	GLU	0.8596
38	1073	755	LYS	1057	LEU	0.8663
38	1074	756	VAL	1058	TYR	0.8382
38	1075	757	THR	1059	LYS	0.7939
38	1076	758	VAL	1060	ARG	0.6551
38	1077	759	ASP	1061	THR	0.7427
38	1078	760	ASN	1062	GLY	0.6894
38	1079	761	HIS	1063	THR	0.5351
38	1080	762	GLN	1064	ALA	0.6923
38	1081	763	ASP	1065	ASP	0.5712
38	1082	764	LEU	1066	CYS	0.5978
38	1083	765	THR	1067	ASN	0.6067
38	1088	766	GLY	1072	LYS	0.5235
38	1089	767	THR	1073	LYS	0.4585
38	1090	768	LYS	1074	CYS	0.7903
39	1106	784	TYR	1090	ALA	0.7376
39	1107	785	HIS	1091	LYS	0.8136
39	1108	786	ALA	1092	ALA	0.8571
39	1109	787	THR	1093	LYS	0.8952
39	1110	788	VAL	1094	VAL	0.9076
39	1111	789	LYS	1095	ARG	0.9281
39	1112	790	TYR	1096	VAL	0.8933
39	1113	791	PHE	1097	PHE	0.8276
39	1114	792	GLY	1098	GLY	0.8541
39	1115	793	GLU	1099	LEU	0.8669
39	1116	794	PRO	1100	ASP	0.8873
39	1117	795	ILE	1101	VAL	0.8949
39	1118	796	GLU	1102	GLU	0.8885
39	1119	797	ASP	1103	ASP	0.8795
39	1120	798	ILE	1104	ILE	0.8501
40	1869	1510	ILE	1847	VAL	0.8729
40	1870	1511	ASP	1848	ASP	0.8990
40	1871	1512	LEU	1849	LEU	0.8761
40	1872	1513	TYR	1850	MET	0.8353
40	1873	1514	THR	1851	SER	0.6624
40	1874	1515	ASP	1852	MET	0.7031
40	1875	1516	LEU	1853	ASP	0.8350
40	1876	1517	THR	1854	ASN	0.7766
40	1877	1518	THR	1855	MET	0.9099
40	1878	1519	THR	1856	ASP	0.9436
40	1879	1520	LEU	1857	LEU	0.9545
40	1880	1521	ASP	1858	GLU	0.9678
40	1881	1522	LEU	1859	ILE	0.9649
40	1882	1523	VAL	1860	VAL	0.9626
40	1883	1524	ALA	1861	LYS	0.9369
41	64	55	ARG	65	ILE	0.7270
41	65	56	THR	66	ILE	0.8122
41	66	57	GLU	67	ARG	0.7313
41	67	58	LYS	68	HIS	0.7200
41	68	59	ASN	69	SER	0.7167
41	69	60	ARG	70	LYS	0.6476
41	70	61	ARG	71	HIS	0.6908
41	71	62	LEU	72	ALA	0.7602
41	72	63	HIS	73	LYS	0.8109
41	73	64	GLN	74	LYS	0.7555
41	74	65	PHE	75	ILE	0.7234
41	75	66	PHE	76	VAL	0.6687
41	76	67	THR	77	THR	0.7463
41	77	68	GLN	78	LYS	0.5891
41	78	69	TYR	79	ASP	0.4131
42	1761	1402	THR	1739	LEU	0.9342
42	1762	1403	SER	1740	ASN	0.9084
42	1763	1404	TRP	1741	LYS	0.9298
42	1764	1405	ILE	1742	ILE	0.9329
42	1765	1406	PRO	1743	PRO	0.9073
42	1766	1407	GLN	1744	GLN	0.8752
42	1767	1408	ALA	1745	GLY	0.8323
42	1768	1409	ARG	1746	ASP	0.8106
42	1769	1410	VAL	1747	THR	0.8890
42	1770	1411	CYS	1748	CYS	0.9013
42	1771	1412	VAL	1749	LEU	0.9258
42	1772	1413	GLU	1750	PRO	0.9244
42	1773	1414	GLY	1751	GLY	0.9380
42	1774	1415	MET	1752	SER	0.9323
42	1775	1416	SER	1753	GLU	0.8927
43	1890	1531	GLY	1868	SER	0.8097
43	1891	1532	ILE	1869	VAL	0.8604
43	1892	1533	SER	1870	LYS	0.8896
43	1893	1534	CYS	1871	CYS	0.8856
43	1894	1535	THR	1872	THR	0.8953
43	1895	1536	GLY	1873	GLY	0.8940
43	1896	1537	ALA	1874	TYR	0.7154
43	1897	1538	TYR	1875	TYR	0.6518
43	1898	1539	ASN	1876	ASN	0.5107
43	1899	1540	ARG	1877	ARG	0.4019
43	1900	1541	ASN	1878	ASN	0.6220
43	1901	1542	SER	1879	GLN	0.5391
43	1902	1543	TYR	1880	LYS	0.8306
43	1903	1544	ALA	1881	THR	0.9108
43	1904	1545	LYS	1882	ILE	0.9009
44	922	606	SER	922	VAL	0.8749
44	923	607	THR	923	ALA	0.8311
44	924	608	ILE	924	ILE	0.7710
44	925	609	SER	925	ASN	0.6510
44	926	610	SER	926	PHE	0.5816
44	927	611	ARG	927	ASN	0.5553
44	928	612	ALA	928	GLN	0.4449
44	937	621	VAL	929	ASN	0.6151
44	938	622	PHE	930	SER	0.7037
44	939	623	SER	931	TYR	0.7922
44	940	624	THR	932	ASN	0.8368
44	941	625	ALA	933	GLY	0.8125
44	942	626	THR	934	ASN	0.8438
44	943	627	TYR	935	VAL	0.8386
44	944	628	GLU	936	THR	0.8943
45	860	560	GLU	861	GLN	0.3708
45	861	561	CYS	862	ILE	0.4012
45	862	562	LEU	863	ILE	0.3642
45	863	563	PRO	864	SER	0.3439
45	864	564	PRO	865	CYS	0.3938
45	881	565	THR	882	ARG	0.3580
45	882	566	HIS	883	LYS	0.4825
45	883	567	PRO	884	PRO	0.4108
45	884	568	GLY	885	THR	0.4866
45	885	569	GLU	886	ASN	0.5144
45	886	570	GLY	887	GLU	0.6382
45	887	571	TYR	888	GLU	0.5387
45	888	572	ALA	889	ALA	0.5516
45	889	573	ALA	890	LYS	0.6346
45	890	574	ARG	891	ARG	0.5912
46	540	392	SER	541	ASN	0.8410
46	541	393	ARG	542	GLU	0.6167
46	542	394	TYR	543	ASN	0.5971
46	543	395	THR	544	ILE	0.6597
46	544	396	LYS	545	ILE	0.4986
46	545	397	LEU	546	LEU	0.4355
46	568	398	PHE	569	ILE	0.3287
46	569	399	ARG	570	ASP	0.3543
46	570	400	LYS	571	LYS	0.4538
46	571	401	ARG	572	ASN	0.5941
46	572	402	ASN	573	ASN	0.5668
46	573	403	THR	574	PRO	0.5952
46	574	404	LYS	575	GLY	0.5794
46	575	405	ILE	576	ILE	0.6082
46	576	406	HIS	577	ILE	0.6197
47	1534	1183	MET	1512	GLU	0.8592
47	1535	1184	SER	1513	ARG	0.9005
47	1536	1185	ALA	1514	GLY	0.9342
47	1537	1186	GLN	1515	LEU	0.8792
47	1538	1187	VAL	1516	ILE	0.8512
47	1539	1188	PRO	1517	PRO	0.8030
47	1540	1189	ILE	1518	LEU	0.8785
47	1541	1190	LEU	1519	VAL	0.8648
47	1542	1191	PRO	1520	ASP	0.8571
47	1543	1192	ASN	1521	GLY	0.8413
47	1544	1193	TYR	1522	SER	0.8548
47	1545	1194	ASN	1523	SER	0.8967
47	1546	1195	PHE	1524	VAL	0.8810
47	1547	1196	THR	1525	ILE	0.9348
47	1548	1197	VAL	1526	LEU	0.9367
48	9	1	MET	10	ASN	0.5084
48	10	2	LEU	11	LEU	0.6018
48	11	3	LEU	12	VAL	0.5541
48	12	4	THR	13	GLY	0.5655
48	13	5	VAL	14	ILE	0.6142
48	14	6	LEU	15	ILE	0.6626
48	15	7	PHE	16	SER	0.6177
48	16	8	VAL	17	THR	0.6542
48	17	9	ILE	18	LEU	0.6468
48	18	10	ALA	19	MET	0.6857
48	19	11	CYS	20	SER	0.6565
48	20	12	VAL	21	PHE	0.6398
48	21	13	ASN	22	TYR	0.6511
48	22	14	ILE	23	TYR	0.6406
48	23	15	GLY	24	TRP	0.5332
49	149	125	VAL	150	ASP	0.5495
49	150	126	CYS	151	SER	0.5610
49	151	127	GLU	152	ARG	0.5451
49	152	128	ARG	153	ILE	0.4946
49	153	129	SER	154	ARG	0.5085
49	154	130	MET	155	ILE	0.5600
49	155	131	VAL	156	THR	0.5780
49	156	132	SER	157	ASN	0.4390
49	157	133	ASP	158	SER	0.3929
49	158	134	VAL	159	GLN	0.7121
49	159	135	ARG	160	ASN	0.7149
49	160	136	THR	161	ASN	0.6662
49	161	137	CYS	162	ILE	0.5455
49	162	138	ILE	163	GLU	0.5478
49	163	139	SER	164	TYR	0.6286
50	1782	1423	ASP	1760	GLU	0.7974
50	1783	1424	ILE	1761	ILE	0.7323
50	1784	1425	SER	1762	ASN	0.7482
50	1785	1426	THR	1763	GLU	0.7702
50	1786	1427	SER	1764	SER	0.7566
50	1787	1428	GLY	1765	GLY	0.6429
50	1788	1429	ALA	1766	SER	0.5855
50	1789	1430	HIS	1767	SER	0.6721
50	1790	1431	PRO	1768	PRO	0.6479
50	1791	1432	ALA	1769	ASN	0.7199
50	1792	1433	VAL	1770	LEU	0.7799
50	1793	1434	HIS	1771	LEU	0.8091
50	1794	1435	CYS	1772	CYS	0.8412
50	1795	1436	LYS	1773	LYS	0.8490
50	1796	1437	THR	1774	SER	0.8805
51	37	28	GLU	38	ILE	0.5455
51	38	29	PRO	39	GLY	0.6058
51	39	30	MET	40	THR	0.5816
51	40	31	PRO	41	SER	0.6129
51	41	32	LEU	42	PHE	0.6154
51	42	33	LEU	43	TYR	0.6351
51	43	34	LEU	44	PHE	0.6573
51	44	35	LEU	45	LEU	0.5926
51	45	36	CYS	46	PHE	0.6219
51	46	37	TRP	47	LEU	0.6038
51	47	38	SER	48	THR	0.6408
51	48	39	LEU	49	LEU	0.5858
51	49	40	THR	50	SER	0.5836
51	50	41	SER	51	PHE	0.5800
51	51	42	PHE	52	HIS	0.5288
52	1455	1111	HIS	1433	HIS	0.8333
52	1456	1112	ARG	1434	ASN	0.8598
52	1457	1113	ALA	1435	LYS	0.8019
52	1458	1114	SER	1436	ILE	0.7760
52	1459	1115	ARG	1437	ARG	0.7860
52	1460	1116	LEU	1438	LYS	0.7573
52	1461	1117	CYS	1439	ASN	0.7684
52	1462	1118	PRO	1440	PRO	0.6707
52	1463	1119	LEU	1441	TYR	0.6396
52	1464	1120	TRP	1442	SER	0.6899
52	1465	1121	GLY	1443	GLY	0.6453
52	1466	1122	ALA	1444	TYR	0.6050
52	1467	1123	ILE	1445	ILE	0.6138
52	1468	1124	ASN	1446	SER	0.6479
52	1469	1125	VAL	1447	ALA	0.5027
53	1277	948	LYS	1256	VAL	0.7182
53	1278	949	LYS	1257	TYR	0.7288
53	1279	950	CYS	1258	CYS	0.6696
53	1280	951	VAL	1259	ASN	0.6096
53	1281	952	THR	1260	HIS	0.5340
53	1282	953	GLU	1261	ASN	0.5818
53	1283	954	ALA	1262	PRO	0.5739
53	1284	955	ASP	1263	SER	0.5924
53	1289	956	GLY	1268	PHE	0.3316
53	1290	957	THR	1269	LYS	0.3710
53	1291	958	ARG	1270	LYS	0.5544
53	1292	959	SER	1271	GLU	0.6506
53	1293	960	CYS	1272	CYS	0.7341
53	1294	961	ALA	1273	LYS	0.7964
53	1295	962	ARG	1274	THR	0.7834
54	1945	1585	PRO	1923	PRO	0.4251
54	1946	1586	LEU	1924	PHE	0.7810
54	1947	1587	ILE	1925	VAL	0.8628
54	1948	1588	TYR	1926	HIS	0.8462
54	1949	1589	THR	1927	ILE	0.8310
54	1950	1590	CYS	1928	CYS	0.8579
54	1951	1591	SER	1929	GLN	0.8307
54	1953	1593	ASN	1930	TYR	0.6115
54	1954	1594	ASN	1931	ASN	0.7716
54	1955	1595	GLY	1932	GLY	0.8273
54	1956	1596	ALA	1933	LYS	0.8085
54	1957	1597	SER	1934	ASP	0.8376
54	1958	1598	VAL	1935	VAL	0.8612
54	1959	1599	SER	1936	THR	0.8986
54	1960	1600	VAL	1937	VAL	0.9078
