msa_pos	BSVV1_resnum	BSVV1_resname	whIV2_resnum	whIV2_resname	LDDT
983	665	SER	975	THR	0.7251
984	666	LEU	976	PHE	0.6637
985	667	MET	977	VAL	0.6248
986	668	MET	978	ARG	0.7388
987	669	ASN	979	GLY	0.6076
988	670	LEU	980	TRP	0.6234
989	671	ASN	981	ASP	0.6989
990	672	LEU	982	LEU	0.6320
991	673	ASP	983	GLU	0.4449
992	674	PHE	984	ILE	0.4046
993	675	ASP	985	ASP	0.5377
994	676	TRP	986	ASN	0.4702
995	677	TYR	987	PHE	0.3576
996	678	ARG	988	ASN	0.4206
997	679	SER	989	ARG	0.5395
998	680	CYS	990	TRP	0.4125
999	681	VAL	991	GLU	0.3688
1000	682	VAL	992	THR	0.4141
1001	683	SER	993	ARG	0.4851
1002	684	GLY	994	GLU	0.4138
